PID,cause of rising temps,Natural_K,Natural_D,Natural_C,Exploitation_K,Exploitation_D,Exploitation_C,Vague_K,Vague_D,Vague_C,ManMade_K,ManMade_D,ManMade_C,Unattributed_K,Unattributed_D,Unattributed_C,,consequences of rising temps ,Rising Sea Level_K,Rising Sea Level_D,Rising Sea Level_C,Changing Weather_K,Changing Weather_D,Changing Weather_C,Human Impact_K,Human Impact_D,Human Impact_C,Wildlife Impact_K,Wildlife Impact_D,Wildlife Impact_C,Natural Resource Impact_K,Natural Resource Impact_D,Natural Resource Impact_C,No Consequence_K,No Consequence_D,No Consequence_C,
100.00,Co2 admissions rising from industrialization ,0,0,0,0,0,0,0,0,0,1,1,1,0,0,0,,"Sea temperatures rising which will effect fishing, ice melting, seasons becoming more severe ",1,1,1,1,1,1,1,0,1,0,0,0,0,0,0,0,0,0,
101.00,"pollution from corporations, clearing out all of earth's natural resources in exchange for economic gain",0,0,0,1,1,1,0,0,0,1,1,1,0,0,0,,"Climate disasters that will inevitably show how poor our infrastructure is, leading us all to houselessness and ultimately our untimely death",0,0,0,1,1,1,1,1,1,0,0,0,0,0,0,0,0,0,
102.00,"global warming, such as oils, heat from cars",0,0,0,0,0,0,0,0,0,1,1,1,0,0,0,,parts of the earth will be flooding,1,1,1,1,1,1,0,0,0,0,0,0,0,0,0,0,0,0,
103.00,"Greenhouse gas emissions
Continued weakening of the ozone by various pollutants",0,0,0,0,0,0,0,0,0,0,0,0,1,1,1,,"Rising sea levels, changing climate patterns, more extreme weather events, mass extinction of some species",1,1,1,1,1,1,0,0,0,1,1,1,0,0,0,0,0,0,
104.00,Using resources like gas releases methane and carbon dioxide into the air. These elements and trapped in the atmosphere and accumulate (acting like a greenhouse - hence greenhouse gases) in which turn heats the air and seas.,0,0,0,0,0,0,0,0,0,0,1,1,1,0,0,,"Rising temperatures that affect the air and sea have intense consequences. Rising temps in the ocean make it inhabitable for certain plants and animals, such as coral, which do the very important work of filtering pollutants. Without this filtering fish die, which is a domino effect. Seals who eat the fish die, polar bears who eat the seals die, and so on and so forth. Additionally this has created new and intense weather patterns - hurricanes, mudslides, earthquakes, etc.",1,0,0,1,1,1,0,0,0,1,1,1,0,0,0,0,0,0,
105***,"The earths temperature does rise slightly over time naturally, but the drastic change has been due to humans impact on the earth. Emissions from large scale production go into the air and thin our ozone layer. ",1,0,1,0,0,0,0,0,0,1,1,1,0,0,0,,"Ice melting which means more flooding. It can also cause droughts, and extreme weather. The seasons are also changing a bit.",1,1,1,1,1,1,0,0,0,0,0,0,0,0,0,0,0,0,
106.00,"Global warming due to pollution is destroying the ozone layer, leading to widespread rise in temperature, ",0,0,0,0,0,0,0,0,0,1,1,1,0,0,0,,"In some places, the ice caps are melting and rising water levels, which is destroying the habitats of the animals there. Some areas are experiencing droughts and less access to water supplies. Over the long term, the temperatures could become unsafe for many species to survive.",1,1,1,1,1,1,0,0,0,1,1,1,1,1,1,0,0,0,
107.00,"The primary causes of global warming are man made.  As there are more polluting emissions, there are more extreme temperatures that cause the icebergs to melt, causing the oceans to rise.",0,0,0,0,0,0,0,0,0,1,1,1,0,0,0,,"The icebergs are melting, the ocean levels are rising, and there is more extreme weather.  This will eventually cause humanity to not be able to live on earth.",1,1,1,1,1,1,1,1,1,0,0,0,0,0,0,0,0,0,
108.00,I don't feel confident enough to answer this question other than the fact that climate scientists agree almost unanimously that there are man-made contributions. ,0,0,0,0,0,0,1,1,1,0,0,0,0,0,0,,"So many things ranging from risks of climate refugeeism, wildfires, and so much more. What WON'T it impact?",0,0,0,1,1,1,1,1,1,0,0,0,0,0,0,0,0,0,
109.00,Climate change and pollution has greatly effected the world. Depleting o-zone and green house gases has caused a rise in global temperatures which has caused glacial melting and weird weather all across the world. Pollution from big companies is the biggest reason this is happening,0,0,0,1,1,1,0,0,0,1,1,1,0,0,0,,"Glacial melting, disastrous weather all over the world, especially in places it didn't usually happen. shifting in tornado alley and earthquakes in different areas. Ecosystems are being disrupted and animals are going extinct ",1,1,1,1,1,1,0,0,0,1,1,1,1,1,1,0,0,0,
110.00,"Gases from manufacturing, cars, from oil companies. ",0,0,0,1,1,1,0,0,0,1,1,1,0,0,0,,Temperatures rising. Ice packs on both poles melting. Oceans eising,1,1,1,0,0,0,0,0,0,0,0,0,0,0,0,0,0,0,
111.00,"Global warming, greenhouse gasses",0,0,0,0,0,0,1,1,1,0,0,0,1,1,1,,"Icecaps melting, change in weather patterns, more natural disasters",1,1,1,1,1,1,0,0,0,0,0,0,0,0,0,0,0,0,
112.00,Nature just doing it’s thing,1,1,1,0,0,0,0,0,0,0,0,0,0,0,0,,"Crop loss, migration of animals",0,0,0,0,0,0,0,0,0,1,1,1,1,1,1,0,0,0,
113.00,"climate change, global warming, ozone breaking down",0,0,0,0,0,0,0,0,0,0,0,0,1,1,1,,"melting of ice caps, higher temperatures, animals dying or migrating",1,1,1,0,0,0,0,0,0,1,1,1,0,0,0,0,0,0,
114.00,Increasing carbon dioxide in atmosphere trapping heat caused mostly by human activity.,0,0,0,0,0,0,0,0,0,1,1,1,0,0,0,,Changes in weather. Oceans become warmer and habitats of animals change. Melting ice caps release more water.,1,1,1,1,1,1,0,0,0,1,1,1,0,0,0,0,0,0,
115.00,The ozone layer is thinning or depleted now from industry..factory farming ..and other pollution sources . It damaged the ozone layer I think which protected us better from the sun. With it thinning it heats up the water and air ,0,0,0,0,0,0,0,0,0,1,1,1,0,0,0,,Rising temperature leads to animals going extinct. Mass dying of sea life like coral reefs and extreme changes and shifts in weather patterns ,0,0,0,1,1,1,0,0,0,1,1,1,1,1,1,0,0,0,
116.00,"Carbon emissions from factories, use of fossil fuels, unsustainable business practices. ",0,0,0,1,1,1,0,0,0,1,1,1,0,0,0,,"Rising oceans destroying coastal communities, loss of wildlife and disruptions to the food chain, massive extinction events. ",1,1,1,0,0,0,1,1,1,1,1,1,0,0,0,0,0,0,
117.00,The amount of carbon dioxide or emissions on the planet is causing rising temperatures. ,0,0,0,0,0,0,0,0,0,0,0,0,1,1,1,,The ice caps and glaciers are melting. Seas levels will rise flooding the land at the coast. ,1,1,1,1,1,1,0,0,0,0,0,0,0,0,0,0,0,0,
118.00,Increased levels of CO2 in the atmosphere,0,0,0,0,0,0,0,0,0,0,0,0,1,1,1,,"To much to right really, but increased heat causes ice to melt and plant life and animals to change.",0,1,1,0,0,0,0,0,0,1,1,1,0,0,0,0,0,0,
119.00,GLOBAL WARMING,0,0,0,0,0,0,1,1,1,0,0,0,0,0,0,,HEAT WAVES,0,0,0,1,1,1,0,0,0,0,0,0,0,0,0,0,0,0,
120.00,global warming caused by greenhouse gasses generated by the use of fossil fuels.,0,0,0,0,0,0,0,0,0,1,0,1,0,1,0,,"rising sea levels
Coastal erosion
More extreme weather
Severe droughts
Severe flooding
Possibly mass starvation",1,1,1,1,1,1,1,1,1,0,0,0,0,0,0,0,0,0,
121.00,Greenhouse gases.,0,0,0,0,0,0,0,0,0,0,0,0,1,1,1,,The earth will overheat and life will die.,0,0,0,1,1,1,1,1,1,1,1,1,0,0,0,0,0,0,
122.00,Green house gases filling the atmosphere due to human consumption and industrialization ,0,0,0,0,1,0,0,0,0,1,1,1,0,0,0,,We are all going to die eventually. Ecosystems are breaking down and the weather is extreme.,0,0,0,1,1,1,1,1,1,1,1,1,1,1,1,0,0,0,
123.00,"Buildup of greenhouse gasses released from industrial processes creating a ""greenhouse effect"" in the planet's atmosphere. ",0,0,0,0,0,0,0,0,0,1,1,1,0,0,0,,"Species going extinct, more volatile weather patterns, melting of polar ice, famine and crop failure, etc",1,1,1,1,1,1,1,1,1,1,1,1,1,1,1,0,0,0,
124.00,"I believe there are many different factors that likely contribute to rising temperatures on earth. For one, there may be a natural process throughout millions of years that causes global temperatures to fluctuate. In addition, increase carbon emissions have contribute to changes (I believe both rising and lowering) in the temperature. As the world become more industrial, the more widespread use of large factories, cars, etc. contributed to these increase emissions that have impacted the ozone layer of earth.",1,1,1,0,0,0,0,0,0,1,1,1,0,0,0,,"Global changing temperatures have had, and continue to have, a large impact on the earth's ecosystem. Natural climates have changed, such as colder climates warming and melting ice caps. In addition, the change in temperature has seen unusual weather patterns in many parts of the world, such as increased flooding on coastlines or increasing wildfires.",1,1,1,1,1,1,0,0,0,0,0,0,0,0,0,0,0,0,
125.00,"Climate change due to the earth’s always changing climate, not manmade.",1,1,1,0,0,0,0,0,0,0,0,0,0,0,0,,"Better weather, rising sea levels, displacement of people close to the water or sea",1,1,1,0,0,0,1,1,1,0,0,0,0,0,0,0,0,0,
126.00,"Less trees, more asphalt, more chemicals",0,0,0,0,0,0,1,0,0,0,1,1,0,0,0,,"Temperature changes have been cyclical since the beginning of time, they result in weather changes and can cause extinction of some species ",0,0,0,1,1,1,0,0,0,1,1,1,0,0,0,0,0,0,
127.00,"increased use of fossil fuels, farming and machinery
refusal by countries and big corporations to regulate their emissions",0,0,0,1,1,1,0,0,0,1,1,1,0,0,0,,"rising ocean temperatures, increased natural disasters, loss of animals and plants ",1,0,0,1,1,1,0,0,0,1,1,1,0,0,0,0,0,0,
128.00,Man-made CO2.,0,0,0,0,0,0,0,0,0,1,1,1,0,0,0,,"Soil erosion, rising sea levels, climate instability.",1,1,1,1,1,1,0,0,0,0,0,0,1,1,1,0,0,0,
129.00,accumulation of carbon dioxide,0,0,0,0,0,0,0,0,0,0,0,0,1,1,1,,rising oceans and people displacement,1,1,1,0,0,0,1,1,1,0,0,0,0,0,0,0,0,0,
130.00,Carbon emissions increasing mostly due to human waste.,0,0,0,0,1,0,0,0,0,1,1,1,0,0,0,,Rising sea waters and hotter temperatures will make many places uninhabitable. ,1,1,1,0,0,0,1,0,1,1,1,1,0,1,0,0,0,0,
131.00,Pollution and global climate change. the holes in the ozone layer,0,0,0,0,0,0,0,0,0,1,0,1,0,1,1,,"ecosystem loss, deforestation, rising water levels",1,1,1,0,0,0,0,0,0,0,0,0,1,1,1,0,0,0,
132.00,Climate change due to the increase amount of CO2 within the earth's atmosphere.,0,0,0,0,0,0,0,0,0,0,0,0,1,1,1,,"Increased natural disasters, destruction of habitat, and loss of species.",0,0,0,1,1,1,0,0,0,1,1,1,0,1,0,0,0,0,
133.00,"Largely, depletion of the ozone layer by particulate air pollution",0,0,0,0,0,0,0,0,0,1,1,1,0,0,0,,"Rising sea level, hotter, colder and more erratic weather, less food production, destruction of ecosystems, loss of coral reefs and marine life due to pollution and rising water temperatures",1,1,1,1,1,1,0,0,0,1,1,1,1,1,1,0,0,0,
134.00,"Industrial growth, burning of fossil fuels",0,0,0,0,0,0,0,0,0,1,1,1,0,0,0,,Lower production of food crops,1,0,0,0,0,0,1,0,0,1,0,0,1,1,1,0,0,0,
135.00,Greenhouse gas emissions ruining our ozone layer,0,0,0,0,0,0,0,0,0,0,0,0,1,1,1,,"Global warming, higher temperatures, raging natural weather",0,0,0,1,1,1,1,0,0,1,0,0,1,0,0,0,0,0,
136.00,"The release of CO2 from burning fossil fuels, other anthropogenic GHGs, and decreased release of anthropogenic sulfur compounds. ",0,0,0,0,0,0,0,0,0,1,1,1,0,0,0,,"Rising sea levels, increased extreme weather, fewer deaths from extreme cold, more deaths from extreme heat, and mass extinction. ",1,1,1,1,1,1,1,1,1,1,1,1,0,0,0,0,0,0,
137.00,"Global warming, wrong gases going into the atmosphere.",0,0,0,0,0,0,1,1,1,0,0,0,1,1,1,,"Change in climate, natural disasters more common",0,0,0,1,1,1,0,0,0,0,0,0,0,0,0,0,0,0,
138.00,Climate change which is caused by humans and the high levels of carbon we release into the atmosphere. ,0,0,0,0,0,0,0,0,0,1,1,1,0,0,0,,"It can raise sea levels and change weather patterns. This can have long term affects on shorelines, can cause flooding, and can create other weather patterns that humans are not accustomed to living with, like longer hotter fire seasons that burn closer to human settlements. It can also cause weather changes that affect our ability to grow crops and which could lead to food shortages. I think the weather patterns and temperature changes can also affect certain animals ability to find food. I know the polar bears are starving. And it is crazy when one animal leaves an ecosystem the ripple affects that can have on the rest of the ecosystem. ",1,1,1,1,1,1,1,1,1,1,1,1,1,1,1,0,0,0,
139.00,There is a natural cycle of temperatures the Earth goes through that is being rapidly sped up by human by products. ,1,1,1,0,0,0,0,0,0,1,1,1,0,0,0,,"The consequences are severe changes in the environment across the globe from severe droughts to harsh floods, causing emergencies for millions of people. This can cause disruption to agriculture and industry. ",0,0,0,1,1,1,1,1,1,0,0,0,1,1,1,0,0,0,
140.00,Rising temps have been the result of many made pollutions and climate change that is believed to be a natural occurrence that happens in cycles.,1,1,1,0,0,0,0,0,0,1,1,1,0,0,0,,"Rising temps cause weather patters to become more extreme and unpredictable, which can threaten lives, safety and well being of people and animals.",1,0,0,1,1,1,1,1,1,1,1,1,0,0,0,0,0,0,
141.00,"There are many factors including human activities (burning coal, pollution, methane from cattle) I don't think climate change is ""just a natural evolution of earths atmosphere"" ",0,0,0,0,0,0,0,0,0,1,1,1,0,0,0,,I would say that one consequence we would see soon would be crop devastation and mass extinctions. The human race could be on the brink of extinction as well. We don't know because we are in unknown territory at this point. The climate has already been changing rapidly and it will probably only continue to do so.,0,0,0,0,0,0,1,1,1,1,1,1,1,1,1,0,0,0,
142.00,I think a big part is the expansion of human habitats.,0,0,0,0,0,0,0,0,0,1,1,1,0,0,0,,"Rising oceans, some areas being too hot to live.",1,1,1,0,0,0,1,0,1,1,0,1,0,0,0,0,0,0,
143.00,"Cyclical, soil degradation, falsified studies, incentives for global corporate fascism to circumvent nation states by exaggerating effects to justify transnational law",1,1,1,1,1,1,,0,0,0,0,0,0,0,0,,"Becomes more difficult to communicate with academics. Flooding, wild fires, draught. Deprivation of civil liberties and self governance",0,0,0,1,1,1,1,1,1,0,0,0,0,0,0,0,0,0,
144.00,Rising temperatures are due to humans.,0,0,0,0,0,0,1,1,1,1,1,1,0,0,0,,"Rising temps would melt the polar ice caps causing large scale flooding in all costal areas, it would change the ocean currents which would lead to weather changes. There would be less food because of all of these changes and changes in weather might cause another ice age.",1,1,1,1,1,1,1,0,0,0,0,0,1,1,1,0,0,0,
145.00,"Temperatures are rising due to climate change. Carbon emissions causes a greenhouse gas effect on our planet. This means gasses are trapped in earth's atmosphere, causing the earth to heat up faster than usual. This is the main reason why temperatures are rising. Industrialization leads to increased carbon emissions. Motor vehicles, commercial agricultures, oil and gas production, are all sources of greenhouse gas emissions and all contribute to a warming climate.",0,0,0,0,0,0,0,0,0,1,1,1,0,0,0,,"As the temperatures on earth rise, sea levels are rising and land and coastal lands are being claimed by the sea. The sea ice is melting which is detrimental to Artic ecosystems and contribute to sea level rise. Plant and animals species are having a difficult time adjusting to changing climate. Many species could perish are a result of climate change, which affects biodiversity on earth. The food sources we rely on will be affected too as crops can no longer grow in areas they once were able to. This could lead to a global food crisis. Losing land to sea level rising can lead to a housing crisis. Higher temperatures are also correlated with more extreme weather patterns and unpredictable natural disasters (wildfires, stronger hurricanes, etc.), In short, there are many consequences.",1,1,1,1,1,1,1,1,1,1,1,1,1,1,1,0,0,0,
146.00,"HUman production, cows, farming, and natural changes to a degree",1,1,1,0,0,0,0,0,0,1,1,1,0,0,0,,"higher levels of water, wildfires, lost habitats for animals, broken food chains",1,1,1,1,1,1,0,0,0,1,1,1,0,0,0,0,0,0,
147.00,"- Release of carbon into the atmosphere - Human activity (burning fossil fuels, large-scale farming/livestock operations, factory emissions) - Melting of the polar ice caps (they help keep the planet cool)",0,0,0,0,0,0,0,0,0,1,1,1,0,0,0,,"The inevitable heat death of the universe.

But first - natural disasters and widespread flooding",0,0,0,1,1,1,1,0,1,1,0,1,0,0,0,0,0,0,
148.00,"The main cause of rising temperatures on earth is the abundance of carbon emissions produced. Many large corporations pump out extraordinary amounts of these greenhouse gasses into our atmosphere in the course of running their business. Add on the issue of deforestation and the problem becomes even worse. Without as many trees, the earth is less able to filter out some of this carbon dioxide, leaving our atmosphere at an even greater disadvantage.",0,0,0,1,1,1,0,0,0,1,1,1,0,0,0,,"Many of the consequences of climate change we've already begun to see. A change in weather patterns leads to more catastrophic natural disasters, devastating cities around the globe. Dryer climates induce an increased risk of wildfire, and drastic temperature changes have brought on more tornadoes and hurricanes in recent years. Melting glaciers destroy the environment for cold climate creatures and will eventually do the same for those living in more coastal regions as the ocean levels begin to rise. The list of consequences for these rising temperatures is nearly endless.",1,1,1,1,1,1,1,1,1,1,1,1,0,0,0,0,0,0,
149.00,Is it when the earth's center heats up?,0,0,0,0,0,0,1,1,1,0,0,0,0,0,0,,Global warming and extreme weather conditions are the consequences - resulting in displacement and disaster,0,0,0,1,1,1,1,1,1,1,0,1,0,0,0,0,0,0,
150.00,The release of greenhouse taxes and use of fossil fuels.,0,0,0,0,0,0,0,0,0,1,1,1,0,0,0,,slowly both the ecosystem and climate will change which will lead to less water and food,0,0,0,1,0,1,0,0,0,0,0,0,1,1,1,0,0,0,
151.00,Climate change is mainly caused by the pollution we create.,0,0,0,0,0,0,0,0,0,1,1,1,0,0,0,,They negatively impact the environment which in turn hurts our food supply.,0,0,0,0,0,0,0,0,0,0,0,0,1,1,1,0,0,0,
152.00,Methane and greenhouse gases produced by humans.,0,0,0,0,0,0,0,0,0,1,1,1,0,0,0,,Abnormal weather patterns and temperatures. More natural disasters.,0,0,0,1,1,1,0,0,0,0,0,0,0,0,0,0,0,0,
153.00,Human driven climate change,0,0,0,0,0,0,1,1,1,1,1,1,0,0,0,,"Species extinction, melting sea caps, rising oceans, geopolitical conflicts, loss of crops",1,1,1,0,0,0,1,1,1,1,1,1,1,1,1,0,0,0,
154.00,Use of fossil fuels and air pollution creating holes in the ozone layer,0,0,0,0,0,0,0,0,0,1,1,1,0,0,0,,"Can cause glaciers and icecaps melting, leading to rising sea levels. Rising sea levels could eradicate areas that are at or below sea level (e.g. Florida). Also, it can create unpredictable natural disasters (e.g. increased wildfires, stronger hurricanes)",1,1,1,1,1,1,0,0,0,0,0,0,1,0,1,0,0,0,
155.00,"global warming, the ebb and flow of the earths temperatures.",1,1,1,0,0,0,1,1,1,0,0,0,0,0,0,,"Things will become hotter for longer, floods, and other sorts of natural disasters will become higher as well as the thawing of frozen areas which will make the oceans more volatile. ",1,1,1,1,1,1,0,0,0,0,0,0,0,0,0,0,0,0,
156.00,"Climate change, release of carbon emissions into the atmosphere thanks to cars, energy use, aviation",0,0,0,0,0,0,0,0,0,1,1,1,0,0,0,,"Worsening climate change, increase in ocean temperature, strengthening storms and natural disasters",0,0,0,1,1,1,0,0,0,0,0,0,0,0,0,0,0,0,
157.00,Human causes activities. Humans are burning fossil fuels and causing greenhouse gases to be emitted into the atmosphere. ,0,0,0,0,0,0,0,0,0,1,1,1,0,0,0,,"Higher temps, more frequent weather disasters, melting icecaps, Extinction of species ",1,1,1,1,1,1,0,0,0,1,1,1,0,0,0,0,0,0,
158.00,"the cycle of seasons, climate change",1,1,1,0,0,0,1,0,1,0,0,0,0,0,0,,"change of environments, ice caps melting",1,1,1,0,0,0,0,0,0,0,0,0,0,0,0,0,0,0,
159.00,The pollution caused by corporations.,0,0,0,1,1,1,0,0,0,1,1,1,0,0,0,,The rising water levels would destroy people's homes.,1,1,1,0,0,0,1,1,1,0,0,0,0,0,0,0,0,0,
160.00,Global warming (1),0,0,0,0,0,0,1,1,1,0,0,0,0,0,0,,"Ice caps melting, heat wave deaths",1,1,1,1,1,1,1,1,1,0,0,0,0,0,0,0,0,0,
161.00,"Most of the cause is from humans ruining the environment in various ways. Pollution, waste, deforestation, exhausting natural resources. All of this is very damaging to the planet in a sense of human survival.",0,0,0,1,1,1,0,0,0,1,1,1,0,0,0,,"Everyone is going to die because of it, human extinction. The weather will cause the Earth to become inhospitable to human life, at least for awhile, and we will die out. Other things will take our place.",0,0,0,0,1,1,1,1,1,1,0,0,0,0,0,0,0,0,
162.00,Nature climatic variation and pollution by humans.,1,1,1,0,0,0,0,0,0,1,1,1,0,0,0,,The extinction of species and rising sea levels.,1,1,1,0,0,0,0,0,0,1,1,1,0,0,0,0,0,0,
163.00,The causes of rising temperatures on earth are from deterioration of the ozone layer caused by green house gasses ,0,0,0,0,0,0,0,0,0,0,0,0,1,1,1,,"The causes of rising temperatures are melting of icebergs, raised water levels, and more frequent and severe weather",1,1,1,1,1,1,0,0,0,0,0,0,0,0,0,0,0,0,
164.00,Natural cycle and human pollution factors,1,1,1,0,0,0,0,0,0,1,1,1,0,0,0,,rising water temperatures and sea levels,1,1,1,0,0,0,0,0,0,0,0,0,0,0,0,0,0,0,
165.00,I think industrialism is a big cause and corporations causing pollution.,0,0,0,1,1,1,0,0,0,1,1,1,0,0,0,,"Global warming, hotter temperatures and ruining ecosystems",0,0,0,0,0,0,0,0,0,0,0,0,1,1,1,0,0,0,
166.00,"Global warming is kind of a natural part of our planet's cycle, but industry is definitely speeding it up at a potentially catastrophic rate.",1,1,1,0,0,0,0,0,0,1,1,1,0,0,0,,"Heatwaves, wildfires, melting of the ice caps, flooding, death of weaker animals and humans who can't take the higher temperatures.",1,1,1,1,1,1,1,1,1,1,1,1,0,0,0,0,0,0,
168.00,"human factors like pollution, especially from asia. also big companies account for alot of harm to the environment ",0,0,0,1,1,1,0,0,0,1,1,1,0,0,0,,we all die because nothing grows ,0,0,0,0,0,0,1,1,1,0,0,0,1,1,1,0,0,0,
169.00,Carbon emissions primarily. This has caused sea temperatures to rise and increase the overall earth temperature.,0,0,0,0,0,0,0,0,0,0,0,0,1,1,1,,"More extreme weather events, rising sea levels, more drought and famine.",1,1,1,1,1,1,1,1,1,0,0,0,0,0,0,0,0,0,
170.00,The causes of rising temperatures on earth are the rising levels of greenhouse gases in the atmosphere that trap radiant energy inside the earth's atmosphere for longer primarily caused by human greenhouse gas emissions on a large scale.,0,0,0,0,0,0,0,0,0,1,1,1,0,0,0,,The main consequences of rising temperatures on earth are rising temperatures and more extreme weather events and flooding around the world.,0,0,0,1,1,1,0,0,0,0,0,0,0,0,0,0,0,0,
171.00,"Climate change. The greenhouse gases cause the earth to heat up more, including the ocean. It throws off our whole ecosystem and leads to more severe weather situations. ",0,0,0,0,0,0,0,0,0,0,0,0,1,1,1,,"More severe weather situations such as hurricanes and flooding, food sources depleting because crops have less harvest, higher energy use to cool down places, coral reefs bleaching and dying.",0,0,0,1,1,1,0,0,0,0,0,0,1,1,1,0,0,0,
172.00,solar output from the sun.  internal heat output from earth.,1,1,1,0,0,0,1,0,0,0,0,0,0,0,0,,eventual death of all living things on the planet.,0,0,0,0,0,0,1,1,1,1,1,1,0,0,0,0,0,0,
173.00,Pollution and  the rising population is the cause of the earths temperatures rising. ,0,0,0,0,0,0,0,0,0,1,1,1,0,0,0,,Global warming which is depleting the ozone layer which protects is from the sun rays. ,0,0,0,0,0,0,0,0,0,0,0,0,1,1,1,0,0,0,
174***,"Rising temperatures on earth, while possibly caused in part from natural phenomena, is directly attributed to greenhouse gas emissions due to humans.",1,1,0,0,0,0,0,0,0,1,1,1,0,0,0,,"Rising temperatures on earth are making the icecaps melt, raising sea levels, but most importantly is making weather more erratic and different from what we were previously used to.",1,1,1,1,1,1,0,0,0,0,0,0,0,0,0,0,0,0,
175.00,"human activity in terms of using gas-powered devices, natural disasters",0,1,1,0,0,0,0,0,0,1,1,1,0,0,0,,"less environmental safety, more natural disasters, more drastic changes in temperature, overall hotter climates, damages to forests",0,0,0,1,1,1,0,0,0,0,0,0,1,1,1,0,0,0,
176.00,Natural temperature fluctuations and excess man made gasses.,1,1,1,0,0,0,0,0,0,1,1,1,0,0,0,,"Life starts to cease to exist. Melted polar ice caps, rising sea levels, changing in weather",1,1,1,1,1,1,1,1,1,1,1,1,0,0,0,0,0,0,
177.00,Social media and what news I notice seem to say it's because of people and they really like to blame cows a lot. I've never looked into it but have been curious about how much of it's just natural. I thought earth climate just naturally changes - like how we've had ice ages and such in the past. ,0,0,0,0,0,0,1,1,1,0,0,0,0,0,0,,I think food production could become an issue if plants can't survive the heat,0,0,0,0,0,0,0,0,0,1,0,1,1,1,1,0,0,0,
178.00,"There are several positive feedback loops that have been set in motion that are causing it, but the root cause is a higher level of carbon dioxide in our atmosphere due to human activity.",0,0,0,0,0,0,0,0,0,1,1,1,0,0,0,,"Increased bleaching of coral reefs, which leads to the collapse of the ecosystem there. Droughts, Increased severe storm activity, including hurricanes, and changes in animal behaviors due to temperatures changing at different times of the year than happened previously.",0,0,0,1,1,1,0,0,0,1,0,1,1,1,1,0,0,0,
179.00,Humans using things like cars are what is increasing temperatures on Earth. People. US. We are doing it.,0,0,0,0,0,0,0,0,0,1,1,1,0,0,0,,"The consequences are changing weather patterns leading to dangerous conditions, which I am already seeing. When I first moved to where I lived over 10 years ago, it snowed every year. The last time it snowed was 4 years ago. ",0,0,0,1,1,1,0,0,0,0,0,0,0,0,0,0,0,0,
180.00,The human production of carbon and methane in the atmosphere.,0,0,0,0,0,0,0,0,0,1,1,1,0,0,0,,"Climate change - higher temperatures, rising ocean levels, changing patterns of rain and storms, higher ocean temperatures, the disruption or extinction of ecosystems and species.,",1,1,1,1,1,1,0,1,0,1,1,1,1,1,1,0,0,0,
181.00,The massive pollution generated by gigantic corporations with no regard for humanity and only focused on profits.,0,0,0,1,1,1,0,0,0,1,1,1,0,0,0,,"Short term; rising sea levels, completely altered ecosystems and unusual seasons.  Long term; the destruction of life as we know it, a mass extinction event that will completely alter the planetary ecosystem.",1,1,1,1,1,1,1,1,1,1,1,1,1,1,1,0,0,0,
182.00,Human activity and some natural processes.,1,1,1,0,0,0,0,0,0,1,1,1,0,0,0,,"Animals will go extinct, humans will have to find ways of getting through heat waves and cold spells, fires, and floods.",0,0,0,1,1,1,1,1,1,1,1,1,0,0,0,0,0,0,
183.00,"The earth's orbital pattern that gradually draws closer to the sun over time, is one the cause of rising temperatures on earth.",1,1,1,0,0,0,0,0,0,0,0,0,0,0,0,,water would evaporate causing droughts and produce unfavorable land conditions to grow crops.,0,0,0,1,1,1,0,0,0,0,0,0,1,1,1,0,0,0,
184.00,Our mistreatment of the earth is causing climate change. How humans affect the ozone layer and pollute the earth causes temperatures to change. El Niño and el Nina affect temperature also. ,0,1,1,0,1,1,0,0,0,1,1,1,0,0,0,,Melting icecaps and glaciers are a consequence of temperature change ,1,1,1,0,0,0,0,0,0,0,0,0,0,0,0,0,0,0,
185.00,"Earths temperature rises when it is close to the sun, gaps in the ozone layer, and greenhouse gases. ",1,1,1,0,0,0,0,0,0,0,0,0,1,1,1,,The consequences of a plant continuing to rise its temperature is making it inhabitable.,0,0,0,0,1,0,1,1,1,1,0,1,0,0,0,0,0,0,
186.00,Increased emissions of greenhouse gases such as carbon dioxide affect the ozone layer and lead to increased temperatures. ,0,0,0,0,0,0,0,0,0,0,0,0,1,1,1,,"The consequences include more numerous and severe occurrences of natural disasters, as well as loss of animal habitats due to melted ice and rising sea levels.",1,1,1,1,1,1,0,0,0,1,1,1,0,0,0,0,0,0,
187.00,"The burning of fossil fuels (coal, oil, and natural gas) for energy production, transportation, and industrial processes releases greenhouse gases",0,0,0,0,0,0,0,0,0,1,1,1,0,0,0,,"Rising temperatures lead to the accelerated melting of polar ice caps and glaciers. This contributes to rising sea levels, threatening coastal communities and ecosystems.",1,1,1,0,0,0,1,1,1,0,0,0,1,1,1,0,0,0,
188.00,Global warming. The burning of fossil fuels causes damage to the ozone layer which allows more heat through the atmosphere from the Sun.,0,0,0,0,0,0,0,0,0,1,1,1,0,0,0,,The melting of the polar ice caps which will result in rising water levels which will have drastic effects on the environment.,1,1,1,0,0,0,0,0,0,0,0,0,0,0,0,0,0,0,
189.00,a mixture of man made issues and a natural occurrence in nature. Though some will put all the blame on man made issues while ignoring past cycles of temperature changes.,1,1,1,0,0,0,0,0,0,1,1,1,0,0,0,,changed in the weather patterns is a major change as well as some environmental changes to landscapes.,0,0,0,1,1,1,0,0,0,0,0,0,1,1,1,0,0,0,
190.00,climate change (1),0,0,0,0,0,0,1,1,1,0,0,0,0,0,0,,less resources such as water,0,0,0,0,0,0,0,0,0,0,0,0,1,1,1,0,0,0,
191.00,Carbon emissions primarily from corporations and industrial practices in all countries except some forward-thinking nations particularly the Nordic countries,0,0,0,1,1,1,0,0,0,1,1,1,0,0,0,,"ice melt, warmer oceans, weather extremes, lack of stability in weather, biome shift ",1,1,1,1,1,1,0,0,0,0,1,1,1,0,1,0,0,0,
192.00,"Global warming my guess would be human uses like gases ,mining ,and other things. ",0,0,0,0,0,0,1,1,1,1,1,1,0,0,0,,"Melting ice ,no habitat for those who live in the cold ,flooding.",1,1,1,1,0,0,1,1,1,0,0,0,0,0,0,0,0,0,
193.00,"Global warming is caused by the excess of co2 emissions in the atmosphere due to industrialization. On a value scale, it a result of our society's valuing profit and immediate gratification over the environment and state of future generations, so basically short sightedness, greed,  and selfishness.",0,0,0,1,1,1,0,0,0,1,1,1,0,0,0,,"Polar ice caps are melting, sea levels are rising, and our weather patterns are becoming increasingly unstable causing more and more damage and taking more and more lives (human, animal, and plant).",1,1,1,1,1,1,1,1,1,1,1,1,0,0,0,0,0,0,
194.00,Fossil fuels and greenhouse gases as well as livestock overpopulation and methane pollution.,0,0,0,0,0,0,0,0,0,1,0,1,0,1,0,,"Polar ice caps melt, extreme weather, floods, and eventually planet wipes humanity from its existence.",1,1,1,1,1,1,1,1,1,0,0,0,0,0,0,0,0,0,
195.00,"Some people say it's the greenhouse effect which is CO2 building up from pollution and causing it to heat up, etc. This is man-made. Then again, I'm pretty sure scientists have determined that the temperature of the Earth has been known to fluctuate, and getting hot isn't really that unusual. I have to admit I don't know my rear from a hole in the ground in regard to this subject. ",0,0,0,0,0,0,1,1,1,0,0,0,0,0,0,,"
The icy places like the north and south poles will likely melt causing rising water levels and other catastrophes. ",1,1,1,1,1,1,0,0,0,0,0,0,0,0,0,0,0,0,
196.00,Natural global warming I would say mostly. The Earth has always warmed and cooled over time. Humans might be adding to it somewhat.,1,1,1,0,0,0,0,0,0,0,0,0,0,0,0,,The ice caps melting along with more natural disasters. Wildlife being affected.,1,1,1,1,1,1,0,0,0,1,1,1,0,0,0,0,0,0,
197.00,"A combination of slow, natural changes of the earth and human caused changes due to the release of greenhouse gases.",1,1,1,0,0,0,0,0,0,1,1,1,0,0,0,,"Increased severe weather, changes in the sea level, extinction of multiple species",1,1,1,1,1,1,0,0,0,1,1,1,0,0,0,0,0,0,
198.00,C02 in the atmosphere ,0,0,0,0,0,0,1,0,0,0,0,0,1,1,1,,"shirking ice caps, rising sea levels, global temperature changes which will have impacts on food production  ",1,1,1,0,1,0,0,0,0,0,0,0,1,1,1,0,0,0,
199.00,It is the cycle of the earth.  I am not so arrogant to believe that I have any control over the earth ,1,1,1,0,0,0,0,0,0,0,0,0,0,0,0,,It will get hotter and what is meant to happen will happen.   No amount of money or arrogance will stop it.  ,0,0,0,0,0,0,0,0,0,0,0,0,0,0,0,1,1,1,
200.00,Climate change and shifting weather patterns are the results of the rising temperatures on earth,0,0,0,0,0,0,1,1,1,0,0,0,1,0,0,,The consequences of rising temperatures on earth are the melting of the polar ice caps and how this would make animals in that region go extinct,1,1,1,0,0,0,0,0,0,1,1,1,0,0,0,0,0,0,
201.00,Increased concentrations of green houses gases in the atmosphere ,0,0,0,0,0,0,0,0,0,0,0,0,1,1,1,,"More drastic weather, rising sea levels, food scarcity due to droughts",1,1,1,1,1,1,0,0,0,0,0,0,1,1,1,0,0,0,
202.00,Increased atmospheric CO2 and solar activity.,0,1,1,0,0,0,0,0,0,0,0,0,1,1,1,,Changes in rainfall and length of growing seasons.,0,0,0,1,1,1,0,0,0,0,0,0,0,0,0,0,0,0,
203.00,The industrialization of many countries would definitely be a factor. The amount of fuel needed to sustain industries account for a large part of climate changing emissions. Both the production and transport of produced goods produce these emissions.,0,0,0,0,0,0,0,0,0,1,1,1,0,0,0,,"Mass deaths of animals and other plants that need specific temperatures  to survive, more extreme weather events occurring in parts of the world where they used to happen less regularly, and theoretically eventually having a collapse of ecosystems resulting in mass starvation and emigration.",0,t,0,1,1,1,1,1,1,1,1,1,1,1,1,0,0,0,
204.00,"CO2 (and methanol, other greenhouse gases) emissions producing a greenhouse effect that warms the earth by trapping the sun's energy close to the planet. I'm sure there are other contributors, but this is the one I sort of understand and hear about.",0,0,0,0,0,0,0,0,0,0,0,0,1,1,1,,"Sea level rise leading to uninhabitable portions of the planet currently (or previously) inhabited by humans and other life, mass extinctions due to changes in predator/prey population changes, evolution of diseases to more easily survive at human body temperature. I could go on...",1,1,1,0,0,0,1,1,1,1,1,1,0,0,0,0,0,0,
205.00,The top businesses polluting the Earth. Also the economic policies of China going overboard.,0,0,0,1,1,1,0,0,0,1,1,1,0,0,0,,Less land. Higher temperatures for crops not to grow,0,0,0,0,0,0,0,0,0,0,0,0,1,1,1,0,0,0,
206.00,My best guess is the way that people overuse and over consume everything in life. The high demand for supplies causes more use of industrial machinery which causes more pollution and more damage to the enviornment.,0,0,0,1,1,1,0,0,0,1,0,1,0,0,0,,"Changes in infrastructures, negative impact on the growth of natural resources, and even air pollution.",0,0,0,0,0,0,1,1,1,0,0,0,1,1,1,0,0,0,
207.00,human technology,0,0,0,0,0,0,1,1,1,1,0,1,0,0,0,,"uncertain, but seem to include damage to animals and plants",0,0,0,0,0,0,0,0,0,1,1,1,0,0,0,0,0,0,
208***,"The Earth naturally goes through periods of rising and cooling temperatures. However, this current period of warming has been increasingly sped along by humans. Carbon emissions, from factories, and fossil fuel burning engines, such as cars, contribute to the amount of CO2 in our atmosphere. In addition, methane gases from sources such as dairy farms also collect in our atmosphere. Both of those substances trap heat within the atmosphere, which contributes to rising temperatures on Earth. ",1,0,1,0,0,0,0,0,0,1,1,1,0,0,0,,"Everything on earth is accustomed to surviving at temperatures within a certain range. If the temperature increases past that point, plants that are not equipped to survive in the heat will die, which will in turn jeopardize the survival of many animals. Humans are also not equipped to survive in the heat for extended periods of time, so I imagine there will be a large increase in those that become sick or even die from heat exhaustion and dehydration. ",0,0,0,1,1,1,1,1,1,1,0,1,0,0,0,0,0,0,
209.00,"Rising temperatures on Earth are due to excessive release of greenhouse gases, deforestation, industrial activity and burning of fossil fuels, intensive agriculture and gas emissions, and changing weather patterns and the loss of ice and snow at the poles and glaciers.",0,0,0,0,0,0,0,0,0,1,1,1,0,0,0,,"Global warming causes the melting of polar caps and glaciers, changes in climate patterns, alterations in ecosystems, water scarcity, ocean acidification, greater frequency and intensity of extreme weather events, and loss of habitats and displacement of communities. human.",1,1,1,1,1,1,1,1,1,0,0,0,1,1,1,0,0,0,
210.00,I think it's either the Earth is just evolving in ways we never seen before. Or global warming.,1,0,1,0,0,0,1,1,1,0,0,0,0,0,0,,"It can cause more (worse) droughts than ever before. Making it harder to get water. It could also alter certain continents, causing floods and what not.",0,0,0,1,1,1,0,0,0,0,0,0,1,0,1,0,0,0,
211.00,Many say it is is man made problem contributing to the climate change because of the many industrial companies but I am not sure this is true.  ,0,0,0,0,0,0,1,1,1,0,0,0,0,0,0,,"I think it causes bad weather effects such as heat, wildfires, and wild jumps in temperatures ",0,0,0,1,1,1,0,0,0,0,0,0,0,0,0,0,0,0,
212.00,the sun.,1,1,1,0,0,0,0,0,0,0,0,0,0,0,0,,"extinction of many species
rising oceans
melting icecaps
heat stroke ",1,1,1,1,1,1,1,0,1,1,1,1,0,0,0,0,0,0,
214.00,Humans,0,0,0,0,0,0,1,1,1,0,1,1,0,0,0,,Food scarsity,0,0,0,0,0,0,0,0,0,0,0,0,1,1,1,0,0,0,
215.00,Rising CO2 levels,0,0,0,0,0,0,0,0,0,0,0,0,1,1,1,,"Disruption of ecosystems, rising sea levels",1,1,1,0,0,0,0,0,0,0,0,0,1,1,1,0,0,0,
216.00,Rising temperatures are the result of climate change.  The effects of burning fossil fuels and farming livestock are really harming the earth by the greenhouse gases . The emissions of carbon dioxide from factories and big corporations has also harmed the earth and contribute to rising temperatures.,0,0,0,1,1,1,0,0,0,1,1,1,0,0,0,,Much warmer temperatures and long heat waves as well as hurricanes and other natural disasters happening much more frequently.,0,0,0,1,1,1,0,0,0,0,0,0,0,0,0,0,0,0,
217.00,"Global warming, increased greenhouse gases in our environment caused by human activities.",0,0,0,0,0,0,0,0,0,1,1,1,0,0,0,,"The polar ice caps are currently melting, contributing to rising sea levels. This isn't just glaciers in the water, but glaciers on land as well. All of that water has to go somewhere. Not to mention increase in ""natural disaster"" type weather phenomena e.g tornadoes, typhoons,  etc.",1,1,1,1,1,1,0,0,0,0,0,0,0,0,0,0,0,0,
218.00,Natural changes in climate exacerbated greatly by human activity. Changes are typically normal over time but human activity has been GREATLY increasing the level at which it is rising.,1,1,1,0,0,0,0,0,0,1,1,1,0,0,0,,"Many horrific outcomes. Food shortages, disease, plague, mass migration of people, homelessness, starvation, death.",0,0,0,0,0,0,1,1,1,0,0,0,0,0,0,0,0,0,
219.00,The causes are pollution and fossil fuels. The byproducts enter the atmosphere and cause the temperature to go up slowly over time.,0,0,0,0,0,0,0,0,0,1,1,1,0,0,0,,"The consequences of rising temperatures on earth will be mass death and instability among natural habitats and earth's creatures, overheating leading to deaths of humans and animals, starvation, drought, and more severe and numerous natural disasters such as hurricanes.",0,0,0,1,1,1,1,1,1,1,1,1,0,0,0,0,0,0,
221.00,I think its a natural occurance ,1,1,1,0,0,0,0,0,0,0,0,0,0,0,0,,less ice would make for higher ocean levels ,1,1,1,0,0,0,0,0,0,0,0,0,0,0,0,0,0,0,
222.00,Global climate change. This is an agonizing wait time,0,0,0,0,0,0,1,1,1,0,0,0,0,0,0,,"Rising ocean levels, increased frequency and severity of natural disaster events, people being weirdly in a bad mood because of pleasantly warm temperatures, species extinction events",1,1,1,1,1,1,1,1,1,1,1,1,0,0,0,0,0,0,
223.00,Climate change - patterns of weather are changing over time.,1,0,0,0,0,0,0,1,1,0,0,0,0,0,0,,"Higher water levels, death of crops and some animal species, loss of natural habitats",1,1,1,0,0,0,0,0,0,1,1,1,1,1,1,0,0,0,
224.00,Human beings and wasting materials. ,0,0,0,1,1,1,0,0,0,1,1,1,0,0,0,,"The Earth will be much hotter for people to live in and as a result, people will die. ",0,0,0,0,1,0,1,1,1,0,0,0,0,0,0,0,0,0,
225.00,Carbon dioxide emissions. Too much of it causes the temperatures to be warmer.,0,0,0,0,0,0,0,0,0,0,0,0,1,1,1,,There are several species that cannot survive the rising temperature. Also the melting of the polar ice which can global flooding consequences.,1,1,1,1,1,1,0,0,0,1,1,1,0,0,0,0,0,0,
226.00,Rising carbon levels in atmosphere.,0,0,0,0,0,0,0,0,0,0,0,0,1,1,1,,Melting of glaciers/ice caps. Resulting in ocean rising and covering coastal areas.,1,1,1,0,0,0,0,0,0,0,0,0,0,0,0,0,0,0,
227.00,Climate change. Pollution ,0,0,0,0,0,0,1,1,1,1,1,1,0,0,0,,The earth can only handle so much heat ,0,0,0,0,1,0,1,0,0,1,0,0,0,0,1,0,0,0,
228.00,"Global warming, increase pollution from vehicles and factories as demand increases.",0,0,0,0,0,0,0,0,0,1,1,1,0,0,0,,natural disasters such as wildfires and hurricanes. ,0,0,0,1,1,1,0,0,0,0,0,0,0,0,0,0,0,0,
229.00,Natural changes. Some carbon from man. China and India.,1,1,1,0,1,0,0,0,0,1,1,1,0,0,0,,More extreme temperatures. ,0,0,0,1,1,1,0,0,0,0,0,0,0,0,0,0,0,0,
230.00,"The accumulation of ""greenhouse gases"" in earth's atmosphere.",0,0,0,0,0,0,0,0,0,0,0,0,1,1,1,,erratic weather patterns and storms of increasing destructive capacity,0,0,0,1,1,1,0,0,0,0,0,0,0,0,0,0,0,0,
231.00,Global warming with human activity on the planet.,0,0,0,0,0,0,1,1,1,1,1,1,0,0,0,,Environmental changes.,0,0,0,0,0,0,0,0,0,0,0,0,0,0,0,1,1,1,
232.00,Normal cycles the earth goes through ,1,1,1,0,0,0,0,0,0,0,0,0,0,0,0,,"rising oceans from glaciers melting, coastal people being displaced, some populated areas becoming uninhabitable ",1,1,1,0,0,0,1,1,1,0,0,0,0,0,0,0,0,0,
233.00,"People are the main cause behind climate change. We burn fossil fuels, which has a negative effect on the atmosphere, trapping gasses that warm up our planet.",0,0,0,0,0,0,0,0,0,1,1,1,0,0,0,,"Rising temperatures lead to forest fires, rising sea levels, water shortages, etc.",1,1,1,1,1,1,0,0,0,0,0,0,1,1,1,0,0,0,
235.00,"Global warming, caused mostly by humans.",0,0,0,0,0,0,1,1,1,1,1,1,0,0,0,,"Worse weather, more natural disasters.",0,0,0,1,1,1,0,0,0,0,0,0,0,0,0,0,0,0,
236.00,People cause much of this with industrialization and use of non-renewable resources. ,0,0,0,0,0,0,0,0,0,1,1,1,0,0,0,,The earth may at some point be uninhabitable. The glaciers may melt and more severe weather will hurt our planet.,1,1,1,1,1,1,1,1,1,1,1,1,0,0,0,0,0,0,
237.00,Natural atmospheric changes enhanced by greenhouse gasses ,1,1,1,0,0,0,0,0,0,1,0,0,0,1,1,,Potential changes in weather patterns and the need for changes in HVAC demands and cycles,0,0,0,1,1,1,1,1,1,0,0,0,0,0,0,0,0,0,
238.00,Planet Earth naturally has cycles of warm and cold. We're currently experiencing a warming cycle. There has never been a time where Earth has not experienced times of cooling and heating it's always one or the other and completely natural.,1,1,1,0,0,0,0,0,0,0,0,0,0,0,0,,"Failing crops, flooding, famine, loss of jobs, climate refugees, government corruption of the people using rising temperatures on earth as an excuse to punish citizens for living.",0,0,0,1,1,1,1,1,1,0,0,0,1,0,1,0,0,0,
239.00,Carbon emissions caused my big manufacturers and humans destroying the trees,0,0,0,1,1,1,0,0,0,1,1,1,0,0,0,,"Hotter temps, colder winters and rising fuel costs",0,0,0,1,1,1,1,1,1,0,0,0,0,0,0,0,0,0,
240.00,"Too many people. The industrialization of most countries led to more pollution in the atmosphere, leading to climate change. But ultimately, there are just way too many people on the planet, and more people means climate change.",0,0,0,0,0,0,0,0,0,1,1,1,0,0,0,,"Weather patterns change. Hotter summers, colder winters. Increasing water levels as the ice caps melt. Floods, hurricanes, tornadoes, earthquakes. Depletion of drinkable water. ",1,1,1,1,1,1,0,0,0,0,0,0,1,1,1,0,0,0,
241.00,Some believe it is because of carbon emissions.,0,0,0,0,0,0,1,1,1,0,0,0,0,0,0,,"Glaciers melting, animal extinction and more tsunamis.",1,1,1,1,1,1,0,0,0,1,1,1,0,0,0,0,0,0,
242.00,The majority of the causes are man-made.,0,0,0,0,0,0,1,1,1,1,1,1,0,0,0,,Melting ice and flooding.,1,1,1,1,1,1,0,0,0,0,0,0,0,0,0,0,0,0,
243.00,"From what I understand, pollutants create a ""greenhouse"" effect when they are in the Earth's atmosphere. Long-term use of fossil fuels and other limited resources have released a significant amount of pollutants into the atmosphere, causing the heat and energy from the sun to concentrate, thus resulting in higher temperatures.",0,0,0,0,0,0,0,0,0,1,1,1,0,0,0,,"The consequences would be felt in every aspect of existence. Polar ice caps will thaw, causing flooding and pushing back coastlines. The climate will change everywhere, causing crops to die and therefore starting a food crisis. ",1,1,1,0,1,0,0,0,0,0,0,0,1,1,1,0,0,0,
245.00,"Human waste of resources, pollution, harvesting natural materials like trees that help assist nature in recovering, air pollution from various chemicals and radioactive waste, gas emissions from vehicles, non-biodegradable products in landfills and oceans, etc.",0,0,0,1,1,1,0,0,0,1,1,1,0,0,0,,"The earth isn't able to regulate a lot of itself to keep things at a healthy level so there has been things like increased wildfires, extinctions of animals, increased hurricane and natural catastrophic weather changes, droughts, ice caps melting, etc.",1,1,1,1,1,1,0,0,0,1,1,1,0,0,0,0,0,0,
246.00,The primary cause is human emissions of carbon dioxide and other green house gasses from the production and use of fossil fuels. ,0,0,0,0,0,0,0,0,0,1,1,1,0,0,0,,"Changing weather patterns, rising sea levels, extinction of many animals due to the changes in their environment. ",1,1,1,1,1,1,0,0,0,1,1,1,0,0,0,0,0,0,
247.00,"The biggest cause I know of is global warming, which is primarily caused by humans.",0,0,0,0,0,0,1,1,1,1,1,1,0,0,0,,The consequences of rising temperatures are rising sea levels and less hospitable environment.,1,1,1,0,0,0,0,1,1,0,0,1,0,0,0,0,0,0,
248.00,From human activity such as driving cars and machinery. Our CO2 emissions. ,0,0,0,0,0,0,0,0,0,1,1,1,0,0,0,,"Weather catastrophes. Extreme weather. Flooding and erosion. Hurricanes, tornados, diseases melting in the permafrost. ",0,0,0,1,1,1,0,0,0,0,0,0,0,0,0,0,0,0,
249.00,"The causes of rising temperatures are a result of burning fossil fuels, cutting down forests and farming livestock are increasingly influencing the climate and the earth's temperature. This adds enormous amounts of greenhouse gases to those naturally occurring in the atmosphere, increasing the greenhouse effect and global warming.",0,0,0,0,0,0,0,0,0,1,1,1,0,0,0,,"We already see effects scientists predicted, such as the loss of sea ice, melting glaciers and ice sheets, sea level rise, and more intense heat waves. Scientists predict global temperature increases from human-made greenhouse gases will continue. Severe weather damage will also increase and intensify.",1,1,1,1,1,1,0,0,0,0,0,0,0,0,0,0,0,0,
250.00,"climate change and humans, less trees",0,0,0,0,0,0,0,1,1,1,1,1,0,0,0,,"People and animals get sick and could die, ozone layer, polar bears would die off from not being able to hunt seals and fires",0,0,0,0,1,0,1,1,1,1,1,1,0,0,0,0,0,0,
251.00,A combination of natural warming and human activities ,1,1,1,0,0,0,0,0,0,1,1,1,0,0,0,,Tropical regions will grow ,0,0,0,0,0,0,0,0,0,0,1,0,1,0,0,0,0,1,
252.00,One cause of rising temperatures on Earth is that we are getting closer to the sun each year. Another cause of rising temperatures on Earth is because of humans. We create a lot of air pollution with our machines and cars.,1,1,1,0,0,0,0,0,0,1,1,1,0,0,0,,A consequence of rising temperatures on Earth is that more diseases will be unleashed onto our society as glaciers melt and gross water rises. Another consequence is that severe weather events will be more likely. ,1,1,1,1,1,1,1,1,1,0,0,0,0,0,0,0,0,0,
253.00,By the manipulation of the weather which is called global warming. ,0,0,0,0,0,0,1,1,1,0,0,0,0,0,0,,"Forrest fires, draughts, that lead to shortage of food for animals which could cause them to go extinct.",0,0,0,1,1,1,0,0,0,1,1,1,1,1,1,0,0,0,
254.00,Carbon/Carbon-dioxide in the atmosphere.,0,0,0,0,0,0,0,0,0,0,0,0,1,1,1,,"Changes in climate patterns, decrease in glaciation, increase in plant life are some.",1,0,1,1,0,1,0,0,0,1,1,1,0,0,0,0,0,0,
255.00,Tons of carbon build up from machines from industries that keep heat from escaping the Earth thus creating a green house,0,0,0,0,0,0,0,0,0,1,1,1,0,0,0,,Doom leading human extinction and of all plant and animals life as a domino effect ,0,0,0,0,0,0,1,1,1,1,1,1,0,0,0,0,0,0,
256.00,Mass environmental destruction from fossil fuels and pollution,0,0,0,0,1,0,0,0,0,1,1,1,0,0,0,,"Loss of biodiversity, spreading desertification, political and civil unrest from the famine and mass exodus from desertified lands, rising sea level which will eventually sink cities.",1,1,1,0,1,0,1,1,1,1,1,1,1,1,1,0,0,0,
257.00,"Industrialized nations, especially those with limited environmental protection agency control are pumping out CO2 into the environment. The CO2 rips small holes in the atmosphere and also creates a blanket around the Earth.",0,0,0,0,0,0,0,0,0,1,1,1,0,0,0,,"More algae, which will result in massive fish die-off among other events.",0,0,0,0,0,0,0,0,0,1,1,1,0,0,0,0,0,0,
258.00,"Increased pollution, chemicals in the atmosphere making holes in the ozone layer, the greenhouse effect.  Basically, humans.",0,0,0,0,0,0,0,0,0,1,1,1,0,0,0,,"Melting snow and glaciers causing rising sea levels, displacing people and animals.  Cooking the ocean making it harder or even impossible for sea life to live.  Worse storm and weather. Additionally, such high heat is life threatening to land life as well, humans and animals. ",1,1,1,1,1,1,1,1,1,1,1,1,0,0,0,0,0,0,
259.00,A natural cycle and human activities,1,1,1,0,0,0,1,1,1,1,1,1,0,0,0,,"Longer droughts, certain areas possibly becoming too hot to live near",0,0,0,1,1,1,1,1,1,0,0,0,0,0,0,0,0,0,
260.00,"Humans irresponsibly, causing global warming",0,0,0,0,1,1,0,0,0,1,1,1,0,0,0,,The consequences are everyone and everything dieing out slowly as the Temps rise,0,0,0,0,1,0,1,1,1,1,1,1,0,0,0,0,0,0,
261.00,"During the day, the sun gets higher in the sky and heats the area. On a global scale, gasses that absorb long wavelength light have been increasing since the start of the industrial revolution. These gases trap heat that would otherwise be lost to space. These molecules are also released by mammals, including cattle that are now in much higher abundance than before",0,0,0,0,0,0,0,0,0,1,1,1,0,0,0,,"Melting of polar ice that raises the sea levels. that in turn leads to coastal erosion and flooding. The added heat also drives more extreme weather events, makes life difficult for ocean coral,  and those in already warm area.  the warmer temperature now seen in more extreme latitudes can change the lives of both animals and humans. Some people in these now warmer areas like the reduction in ice and longer growing seasons",1,1,1,1,1,1,1,1,1,1,1,1,0,1,1,0,0,0,
262.00,I know that it is related to getting energy or electricity through fossil fuels. I don't know lots of details about this.,0,0,0,0,0,0,1,0,1,1,1,1,0,0,0,,There are more natural disasters and I think summer weather is more severe. ,0,0,0,1,1,1,0,0,0,0,0,0,0,0,0,0,0,0,
263.00,Many factors. Some of it is natural/seasonality and other part is increases Co2 due to human activity. ,1,1,1,0,0,0,0,0,0,1,1,1,0,0,0,,"Sea level  rising, extreme weather and more storms to name a few. Many cities are not built up to handle this and will need to have better infrastructure inplace. ",1,1,1,1,1,1,1,1,1,0,0,0,0,0,0,0,0,0,
264.00,A combination of natural processes and the activity and actions of organisms on the planet.,1,1,1,0,0,0,0,1,0,0,1,0,1,0,1,,"It depends on what scale and scope you are asking this question, but in the long run (assuming that is the implicit timeframe here) I would image that rising temperatures would change the balance of the gases, liquids, and solids of the various ecological compounds we find on Earth - for instance, rising temperatures near the poles could melt ice on land which would raise water levels in the bodies of water surrounding these land masses of ice.  Otherwise, in general, we don't know the consequences, but we should assume the worst and consider this beyond our own selves and life times.",1,1,1,0,0,0,0,0,0,0,0,0,0,0,0,0,0,0,
265.00,green house gases,0,0,0,0,0,0,1,0,0,0,0,0,1,1,1,,melting glaciers sea levels rising,1,1,1,0,0,0,0,0,0,0,0,0,0,0,0,0,0,0,
266.00,"Burning fossil fuels, cutting down forests and farming livestock are increasingly influencing the climate and the earth's temperature.",0,0,0,0,0,0,0,0,0,1,1,1,0,0,0,,"Extreme temp's, flooding rains, more storms.",0,0,0,1,1,1,0,0,0,0,0,0,0,0,0,0,0,0,
267.00,Greenhouse gasses created by human activity are trapping heat and raising global temperatures. ,0,0,0,0,0,0,0,0,0,1,1,1,0,0,0,,"Carbon sinks like permafrost will thaw and cause a runaway greenhouse effect, glacial ice melting, rising sea levels, drought, extinction",1,1,1,1,1,1,0,1,1,1,1,1,0,0,0,0,0,0,
268.00,"CO2 released in the atmosphere breaks down the ozone layer and allows more heat into our atmosphere from the sun, raising the temperature of the earth",0,0,0,0,0,0,0,0,0,0,0,0,1,1,1,,"glaciers melt, water levels rise, temperatures may get too hot to be suitable for living",1,1,1,0,1,0,1,0,1,0,0,0,0,0,0,0,0,0,
270.00,"Human activities such as transport and production (of both goods and electricity) which requires mass use of fossil fuels and other carbon-based fuel sources, as well as some activities producing other greenhouse gases and ozone-damaging chemicals.",0,0,0,0,0,0,0,0,0,1,1,1,0,0,0,,"More severe weather patterns, more intense natural disasters, rising sea levels, harsher summers, colder winters, and the mass reduction/extinction of wild plant and animal life.",1,0,1,1,1,1,0,0,0,1,1,1,0,0,0,0,0,0,
273.00,The burning of fossil fuels.,0,0,0,0,0,0,0,0,0,1,1,1,0,0,0,,"Species going extinct, losing glacier and ice cap mass.",1,1,1,0,0,0,0,0,0,1,1,1,0,0,0,0,0,0,
274.00,"Fossil fuels Co2 trapping more heat in the atmosphere, destruction of the ozone layer / greenhouse effect",0,0,0,0,0,0,0,0,0,1,1,1,0,0,0,,"Mass extinctions of groups of animals who need the cold to survive, leading the food chain out of wack. Human disasters like starvation since a lot of food can't grow in the heat and fires destroy the land. The intense heat exacerbates health problems in people as well. More fires, rising sea levels",1,0,1,1,1,1,1,1,1,1,1,1,1,1,1,0,0,0,
275.00,Capitalism and the exploitation of resources including people and natural resources for profit and gain.,0,0,0,1,1,1,0,0,0,1,1,1,0,0,0,,Increase temperatures and adverse climate events that kill and displace many people.,0,0,0,1,1,1,1,1,1,0,0,0,0,0,0,0,0,0,
276.00,Humans being wasteful or not using clean energy such as using gas powered cars. Natural causes of the earth's climate always changing over the hundreds and thousands of years is also contributing.,1,1,1,1,1,1,0,0,0,1,1,1,0,0,0,,We may start losing certain species on the earth which would cause catastrophic effects on the food chain. People could also lose housing due to water levels increasing on cities closer to the water.,1,0,1,0,1,0,1,1,1,1,1,1,0,0,0,0,0,0,
277.00,the hole in the ozone and polution that is common today,0,0,0,0,0,0,0,0,0,1,1,1,0,0,0,,more bad weather plants are unable to grow and heat waves,0,0,0,1,1,1,0,0,0,1,1,1,0,0,0,0,0,0,
278.00,"carbon emissions, pollution",0,0,0,0,0,0,0,0,0,1,1,1,0,0,0,,"floods, loss of life, killing animals ",0,0,0,1,1,1,1,1,1,1,1,1,0,0,0,0,0,0,
279.00,"Conglomerate corporations, greed, capitalism, white supremacy",0,0,0,1,1,1,0,0,0,1,1,1,0,0,0,,"climate disaster, poverty, mass loss of life, untenable living conditions on earth",0,0,0,1,1,1,1,1,1,1,0,1,0,0,0,0,0,0,
280.00,"Climate change, caused by pollution.",0,0,0,0,0,0,0,0,0,1,1,1,0,0,0,,"Drought, famine. Melting of ice caps.",1,1,1,1,1,1,1,1,1,0,0,0,0,0,0,0,0,0,
281.00,human CO2 emissions,0,0,0,0,0,0,0,0,0,1,1,1,0,0,0,,"rising sea levels, deaths of coral reefs, mass exinctions, increased natural disasters",1,1,1,1,1,1,0,1,1,1,1,1,1,1,1,0,0,0,
282.00,Rising temperature on earth is causing mostly by the depletion of the ozone layer,0,0,0,0,0,0,0,0,0,0,0,0,1,1,1,,"Disease, heat leading to death ",0,0,0,1,1,1,1,1,1,0,1,1,0,0,0,0,0,0,
283.00,"Fossil fuels, pollution, etc., is a big cause of rising temperatures on earth. Generally, industrialization.",0,0,0,0,0,0,0,0,0,1,1,1,0,0,0,,"Animal biomes are damaged. Ice caps are melting, harming ecosystems across the world. Harm to animal ecosystems means harm to the animal life cycle.",1,1,1,0,0,0,0,0,0,1,1,1,1,1,1,0,0,0,
284.00,Human carbon emission,0,0,0,0,0,0,0,0,0,1,1,1,0,0,0,,"Consequences include changing weather patterns including worse hurricanes and other storms, droughts which lead to famine, heatwaves causing death, etc.",0,0,0,1,1,1,1,1,1,0,1,1,0,0,0,0,0,0,
285.00,The Earth has a natural climate cycle. Humans have affected this cycle and have caused it to be out of balance due to increasing greenhouse gas emissions. This has caused a runaway greenhouse effect of temperatures rising over time.,0,0,0,0,0,0,0,0,0,1,1,1,0,0,0,,"The consequences are dire. Many species of animals and plants will die due to the rising temperatures. Humans will have to fight over resources, and it will lead to war and will also be detrimental to agriculture.",0,0,0,0,1,0,1,1,1,1,1,1,1,1,1,0,0,0,
286.00,human factors such as manufacturing and power production. human deforestation.,0,0,0,0,0,0,0,0,0,1,1,1,0,0,0,,"extreme heat, extreme weather, droughts, natural disasters",0,0,0,1,1,1,0,0,0,0,0,0,0,0,0,0,0,0,
287.00,Climate change (2),0,0,0,0,0,0,1,1,1,0,0,0,0,0,0,,Increase of natural disasters.,0,0,0,1,1,1,0,0,0,0,0,0,0,0,0,0,0,0,
288.00,The causes are both natural and unnatural and can be wide ranging from solar activity to man made to planetary activity.,1,1,1,0,0,0,0,0,0,1,1,1,0,0,0,,All life relies on a certain temperature range to live in.  If it gets too hot the creatures and plants will die off.,0,0,0,0,1,0,0,0,0,1,1,1,0,0,0,0,0,0,
289.00,Man-made climate change is the cause of the rising temperatures we're experiencing.,0,0,0,0,0,0,1,1,1,1,1,1,0,0,0,,"Dangerous weather conditions, such as flooding and droughts. A lack of food due to produce facing harsh weather conditions.",0,0,0,1,1,1,0,0,0,0,0,0,1,1,1,0,0,0,
290.00,"The causes are the increases in C02 which comes from manufacturing, transportation, and livestock.  This increase in the atmosphere has risen temperatures.",0,0,0,0,0,0,0,0,0,1,1,1,0,0,0,,"The consequences are an increase in extreme weather that's more extreme, changes in areas viable for farming, and increased temperatures that affect animals, humans, as well as farming.",0,0,0,1,1,1,1,1,1,1,1,1,0,1,1,0,0,0,
291.00,"Fossil fuels, greenhouse gas emissions, growing livestock, and deforestation.",0,0,0,0,0,0,0,0,0,1,1,1,0,0,0,,"Increased sea levels, unusual weather patters, and extreme weather events.",1,1,1,1,1,1,0,0,0,0,0,0,0,0,0,0,0,0,
292.00,climate change. Green house gases are essentially trapping heat in the atmosphere and causing an increase in temperature.,0,0,0,0,0,0,0,0,0,0,0,0,1,1,1,,"Changes in climate such as more frequent and severe natural disasters, rising sea levels, changes in weather patterns and animal migrations.",1,1,1,1,1,1,0,0,0,1,1,1,0,0,0,0,0,0,
293.00,One of the things that impact the temperature is our pollution chipping away at the ozone layer. There are some natural causes as well.,1,1,1,0,0,0,0,0,0,1,1,1,0,0,0,,Extreme weather conditions and shifts in habitable areas over time. Rising sea levels will eventually take out a big portion of land mass.,1,1,1,1,1,1,1,1,1,0,0,0,1,1,1,0,0,0,
296.00,My only guess is global warming is on the rise,0,0,0,0,0,0,1,1,1,0,0,0,0,0,0,,"The consequences can lead to extreme weather events, including heatwaves, hurricanes, droughts, and heavy rainfall. These events can lead to property damage, loss of life, and disruptions to agriculture and infrastructure.",0,0,0,1,1,1,1,1,1,0,0,0,1,1,1,0,0,0,
297.00,The melting of polar ice caps and reduced snow cover can increase global warming.,0,0,0,0,0,0,0,0,0,0,0,0,1,1,1,,"Rising temperatures lead to the accelerated melting of glaciers, ice caps, and polar ice, contributing to rising sea levels, which can increase the risk of flooding.",1,1,1,1,1,1,0,0,0,0,0,0,0,0,0,0,0,0,
298.00,"Humans using fossil fuels accounts for about 95 percent of it, and natural changes the other 5.",1,1,1,0,0,0,0,0,0,1,1,1,0,0,0,,"Species going extinct, resources depleting, and the need to find a new habitable planet.",0,0,0,0,0,0,1,1,1,1,1,1,1,1,1,0,0,0,
299.00,Climate change from human activities,0,0,0,0,0,0,1,1,1,1,1,1,0,0,0,,Causing bad weather that can kill people ,0,0,0,1,1,1,1,1,1,0,0,0,0,0,0,0,0,0,
300.00,"If you don't ignore the satellite data, which is the most accurate measurement of global average temperature, it has only risen an average of 0.23 degrees Fahrenheit every decade. That is completely in line with what is expected as we come out of the cold period of the late 1800's.",1,1,1,0,0,0,0,0,0,0,0,0,0,0,0,,"Normal natural fluctuation of the global climate. It would be a lot nicer where I live in the winter. In prehistoric times, Cretaceous Period, it was so warm that it was a temperate climate at the poles.",0,0,0,0,1,0,0,0,0,0,0,0,0,0,0,1,1,1,
301.00,"greenhouse emissions, pollution, etc. All coming from big farms mass producing and slaughtering animals, modern lifestyle, cars, electricity, appliances, factories, etc.",0,0,0,0,0,0,0,0,0,1,1,1,0,0,0,,"loss of crops, food shortages, days too hot to go outside, death, illness, poor will suffer.",0,0,0,0,1,0,1,1,1,0,0,0,1,1,1,0,0,0,
302.00,Humans are the main culprit. Cars and factories adding to the greenhouse gases are driving climate change. ,0,0,0,0,0,0,0,0,0,1,1,1,0,0,0,,Severe weather events. ,0,0,0,1,1,1,0,0,0,0,0,0,0,0,0,0,0,0,
303.00,Smog and land waste ,0,0,0,0,0,0,0,0,0,1,1,1,0,0,0,,Melting glaciers and rising temperatures ,1,1,1,0,1,0,0,0,0,0,0,0,0,0,0,0,0,0,
304.00,carbon dioxide,0,0,0,0,0,0,1,0,0,0,0,0,1,1,1,,"shifting weather patterns, rising seas, extreme weather",1,1,1,1,1,1,0,0,0,0,0,0,0,0,0,0,0,0,
305.00,Global catastrophic events and nature in general.,1,1,1,0,0,0,0,0,0,0,0,0,1,0,0,,Everything and everyone getting too hot and bothered. It is horrible.,0,0,0,1,1,1,1,1,1,1,1,1,0,0,0,0,0,0,
306.00,There are 8 billion people on the planet when the carrying capacity is only about 2 billion. THAT is the cause of rising temps; the 6 billion extra people and their activities.,0,0,0,0,0,0,0,0,0,1,1,1,0,0,0,,"There will be extreme weather events and rising seas; followed by a mass die-off of mammals, leaving a small core of survivors. Slowly, over hundreds to thousands of years, some other animal will become dominant.",1,1,1,1,1,1,0,1,1,1,1,1,0,0,0,0,0,0,
307.00,It is both human and natural change.,1,1,1,0,0,0,1,1,1,1,1,1,0,0,0,,"There are no rising temperatures as if there was, it'd be consistent.",0,0,0,0,0,0,0,0,0,0,0,0,0,0,0,1,1,1,
308.00,"Carbon emissions from production, pollution, large-scale meat production, procuring and utilizing fossil fuels, transportation",0,0,0,0,0,0,0,0,0,1,1,1,0,0,0,,"Rising oceans displacing people, animals, etc., rising temperatures in water and on land killing certain animal species and disrupting other ways of life. More and higher heat heat waves, fires, floods, and storms.",1,1,1,1,1,1,0,1,1,1,1,1,0,0,0,0,0,0,
309.00,greenhouse gases,0,0,0,0,0,0,0,0,0,0,0,0,1,1,1,,that the polar caps are melting,1,1,1,0,0,0,0,0,0,0,0,0,0,0,0,0,0,0,
310.00,"The weather changes seasonally and sometimes develops new patterns of extended time, but generally it is about the same. ",1,1,1,0,0,0,0,0,0,0,0,0,0,0,0,,More plants will grow in more places,0,0,0,0,0,0,0,0,0,0,1,1,0,0,0,0,1,1,
311.00,The burning of fossil fuels. Also the loss of forests and jungles.,0,0,0,0,0,0,0,0,0,1,1,1,0,0,0,,"More natural disasters, loss of certain plant life and animals, a gain of invasive plant life and animals, rising costs of food, and insurance for natural disasters, unlivable conditions on coast lines or inward expansion of population and building away from coast lines, (more expensive real estate in those areas as well), loss of adequate buildings due to natural disasters because of building standards in old design practices. more heat related health issues, more injuries due to tornadoes, hurricanes, floods, etc.",0,0,0,1,1,1,1,1,1,1,1,1,0,1,0,0,0,0,
312.00,nature and natural events. ,1,1,1,0,0,0,0,0,0,0,0,0,0,0,0,,I don't think we can know for sure.,0,0,0,0,0,0,0,0,0,0,0,0,0,0,0,1,1,1,
313.00,"Natural changes that happen periodically to the planet. For example, we had an Ice Age some 50,000 years ago.",1,1,1,0,0,0,0,0,0,0,0,0,0,0,0,,Adjustments by humans to their surroundings. Nature cannot be controlled. It created a political talking point for liberal progressives who want to push their agenda and control the masses.,0,0,0,0,0,0,0,1,0,0,0,0,0,0,0,1,1,1,
314.00,"Natural changes in weather patterns and some due to man-made causes such as pollution, over population and deforestation ",1,1,1,0,0,0,0,0,0,1,1,1,0,0,0,,"Mrlting ice caps, rising ocean levels. droughts and wild fires",1,1,1,1,1,1,0,0,0,0,0,0,0,0,0,0,0,0,
315.00,Cutting down forests and human activity ,0,0,0,0,0,0,0,0,0,1,1,1,0,0,0,,"Storms, drought, harming animals ",0,0,0,1,1,1,0,0,0,1,1,1,0,0,0,0,0,0,
316.00,It is natural. The Earth's temperature naturally rises which is why we have hotter summers some years and milder winters other years. It changes over time.,1,1,1,0,0,0,0,0,0,0,0,0,0,0,0,,"Wildlife is not able to survive due to the heat and droughts. It will be harder for farmers, to have food grow and being able to grow certain things in warmer climates.",0,0,0,1,1,1,1,1,1,1,0,1,1,1,1,0,0,0,
317.00,natural evolution in our solar system,1,1,1,0,0,0,0,0,0,0,0,0,0,0,0,,"ice melting, rising sea levels, water problems",1,1,1,0,0,0,0,0,0,0,0,0,1,1,1,0,0,0,
318.00,"the burning of fossil fuels and cutting down trees has caused alot of tempature problems. Spilling oil in the ocean, littlering plastics, bomb experiments, has caused some, and the earth needing to breath is changing expanding and contracting has contributed some. ",0,0,0,0,0,0,0,0,0,1,1,1,0,0,0,,The temperatures will get hotter and colder the winters will be longer and the summers will be longer. I think there might be holes in our ozone and continue to grow or get bigger we have to do better and take care of our planet.,0,0,0,1,1,1,0,1,0,0,0,0,1,0,0,0,0,0,
319.00,"Individuals who pay attention to history will tell you that over the history of the Earth, it has that periods where the temperature rises, and when the temperature falls. Long before they were humans on the Earth, there was a global warming, and global cooling.",1,1,1,0,0,0,0,0,0,0,0,0,0,0,0,,"Everything will get a little bit warmer, until it changes and starts to get cooler.",0,0,0,0,1,0,0,0,0,0,0,0,0,0,0,1,1,1,
320.00,Global warming (2),0,0,0,0,0,0,1,1,1,0,0,0,0,0,0,,It kills the farmers crops,0,0,0,0,0,0,0,1,1,0,0,0,1,1,1,0,0,0,
321.00,natural heat cycles that the Earth will go through.,1,1,1,0,0,0,0,0,0,0,0,0,0,0,0,,Not many consequences. It just gets a bit hotter sometimes.,0,0,0,0,1,0,0,0,0,0,0,0,0,0,0,1,1,1,
322.00,Greenhouse gas emissions and naural factors. ,1,1,1,0,0,0,0,0,0,0,0,0,1,1,1,,"Sel level rise, difficulty growing crops, stress on various animal species, more severe weather events, droughts, etc. ",1,1,1,1,1,1,0,0,0,1,1,1,1,1,1,0,0,0,
323.00,"Natural causes as the world has been through this cycle countless times, yet humans point to rising temps as human involvement but they have very little amount of data sets.",1,1,1,0,0,0,0,0,0,0,0,0,0,0,0,,"Rising water, storms",1,1,1,1,1,1,0,0,0,0,0,0,0,0,0,0,0,0,
324.00,"Pollution, waste, and humans cutting down trees and such for their own benefit.",0,0,0,0,1,1,0,0,0,1,1,1,0,0,0,,We will eventually make it so that Earth in unlivable and will die off like the dinosaurs.,0,0,0,0,0,0,1,1,1,1,0,1,0,0,0,0,0,0,
325.00,The causes of rising temperatures on earth is from pollution.,0,0,0,0,0,0,0,0,0,1,1,1,0,0,0,,The rising temperatures could disrupt wildlife and food sources. It could also cause changes in the weather.,0,0,0,1,1,1,0,0,0,1,1,1,1,1,1,0,0,0,
326.00,Climate change (3),0,0,0,0,0,0,1,1,1,0,0,0,0,0,0,,Differences in weather and ecosystems,0,0,0,1,1,1,0,0,0,0,0,0,1,1,1,0,0,0,
327.00,It is a process that the earth has been going through for millennium.,1,1,1,0,0,0,0,0,0,0,0,0,0,0,0,,"In the past, people migrated to better temperatures and sources of water.",0,0,0,0,0,0,0,0,0,0,0,0,0,0,0,1,1,1,
328.00,"a natural process, humans have nothing to do with it",1,1,1,0,0,0,0,0,0,0,0,0,0,0,0,,"increased co2, not much.",0,0,0,0,0,0,0,0,0,0,0,0,0,0,0,1,1,1,
329.00,natural cycles of the earth,1,1,1,0,0,0,0,0,0,0,0,0,0,0,0,,"more severe weather, rising costs of goods and services",0,0,0,1,1,1,1,1,1,0,0,0,0,0,0,0,0,0,
330.00,Carbon emissions and human activity.,0,0,0,0,0,0,0,0,0,1,1,1,0,0,0,,Evaporation and undesirable living conditions ,0,0,0,0,1,1,1,1,1,0,0,0,0,0,0,0,0,0,
331.00,global warming. Heat rises into the atmosphere and gets trapped by the troposphere.,0,0,0,0,0,0,0,0,0,0,0,0,1,1,1,,changes in weather. ,0,0,0,1,1,1,0,0,0,0,0,0,0,0,0,0,0,0,
332.00,Rising temperatures on earth can be due to more carbon from humans.  Examples of the carbon footprint that humans cause are using cars and using heating and air conditioning for their homes.,0,0,0,0,0,0,0,0,0,1,1,1,0,0,0,,Rising temperatures can cause climate change.  Rising temperatures can cause melting ice caps in the north pole.  These changes can lead to extreme weather conditions.,1,1,1,1,1,1,0,0,0,0,0,0,0,0,0,0,0,0,
333.00,The atmosphere has been destroyed and we get higher temps.,0,0,0,0,0,0,1,1,1,0,0,0,0,1,1,,Climate has changer for many years.,0,0,0,0,0,0,0,0,0,0,0,0,0,0,0,1,1,1,
334.00,"Climate change, melting of polar ice caps and increasing holes in the Ozone",0,0,0,0,0,0,0,0,0,0,0,0,0,1,1,,Wet bulb temperatures rise prevents us from safely staying outside.,0,0,0,0,1,0,1,1,1,0,0,0,0,0,0,0,0,0,
335.00,"There are different opinions from science centering on the effects of human disregard for what is emitted into the atmosphere causing the carbon emissions to continually expand causing the warming conditions and causing the climate to change dramatically. Alternatively, others are saying that this is a natural evolution of the world's climate.",0,0,0,0,0,0,1,1,1,0,0,0,0,0,0,,"The overall warming of the earth causing the melting of the ice caps causing rising temperatures that affect wildlife, plantation, the oceans and life in general to be in jeopardy.",1,1,1,0,1,0,1,1,1,1,1,1,0,1,1,0,0,0,
336.00,Climate change. (4),0,0,0,0,0,0,1,1,1,0,0,0,0,0,0,,The ozone layers are getting holes and the earth is getting hotter.,0,0,0,0,1,0,0,0,0,0,0,0,1,1,1,0,0,0,
337.00,Emissions caused by humans.,0,0,0,0,0,0,0,0,0,1,1,1,0,0,0,,The planet will be inhabitable for humans.,0,0,0,0,0,0,1,1,1,0,0,0,0,0,0,0,0,0,
338.00,Most people believe it is the rise in CO2 emissions. ,0,0,0,0,0,0,1,1,1,0,0,0,0,0,0,,"Rise in sea temperatures, extinction of species ect..",0,0,0,0,1,0,0,0,0,1,1,1,0,0,0,0,0,0,
339***,natural changes in the Earth + possibly humans ruining our natural environment,1,1,1,0,0,0,0,0,0,1,0,0,0,0,0,,"The Earth is gonna Right herself as she usually does, so maybe all of the life as we know it on her are going to perish",0,0,0,0,0,0,0,1,0,0,1,0,0,0,0,1,1,1,
340.00,Rising temperatures lead to the melting of the polar ice caps. This can be devastating to the environment and can lead to a great many devastating situations. I believe it harms the entire planet with the melting of so much of the natural ice in the world.    ,0,0,0,0,0,0,1,1,1,0,0,0,0,0,0,,"It can lead to an imbalance in the ecosystem. This always causes issues with every ecosystem on the planet, ranging from rainforests to deserts. ",0,0,0,0,0,0,0,0,0,0,0,0,1,1,1,0,0,0,
341.00,It is the result of natural fluctuations in temperature on the earth.,1,1,1,0,0,0,0,0,0,0,0,0,0,0,0,,The consequences are minor and typically will simply make it slightly warmer on earth.,0,0,0,0,1,0,0,0,0,0,0,0,0,0,0,0,0,1,
342.00,Rising temperatures on earth are largely cause by humans damaging the atmosphere through the release of CO2 gases to the atmosphere.,0,0,0,0,0,0,0,0,0,1,1,1,0,0,0,,Rising temperatures on earth cause melting of ice stores in the north and south they disrupt ocean currents and cause extreme weather events,1,1,1,1,1,1,0,0,0,0,0,0,0,0,0,0,0,0,
343.00,"The causes of rising temps include human carbon pumping activity, natural and weather events happening all over the world to create change in weather patterns. ",1,1,1,0,0,0,0,0,0,1,1,1,0,0,0,,"The consequences include rising sea levels, flooding, hotter summer and colder winters as well as abnormal weather patterns.",1,1,1,1,1,1,0,0,0,0,0,0,0,0,0,0,0,0,
344.00,We have been increasingly burning fossil fuels and we are also cutting down too many trees.,0,0,0,0,0,0,0,0,0,1,1,1,0,0,0,,"The balance of the earth is being throw off so plants and animals are dying.  Ice caps are also melting, which is not good for the plants and animals that rely on that habitat.",1,1,1,0,0,0,0,0,0,1,1,1,0,0,0,0,0,0,
345.00,Rising temperatures on Earth,0,0,0,0,0,0,1,1,1,0,0,0,0,0,0,,"Climate change alters weather patterns, leading to increased frequency and intensity of extreme weather events such as hurricanes. ",0,0,0,1,1,1,0,0,0,0,0,0,0,0,0,0,0,0,
346.00,Natural environmental patterns and increased emissions,1,1,1,0,0,0,0,0,0,0,0,0,1,1,1,,More natural disasters ,0,0,0,1,1,1,0,0,0,0,0,0,0,0,0,0,0,0,
347.00,Natural changes occur over time but mostly man-made pollution and overpopulation. ,1,1,1,0,0,0,0,0,0,1,1,1,0,0,0,,More severe weather such as heatwaves and hurricanes. Changes in the ocean's temperature could cause massive die-offs of sea life.  ,0,0,0,1,1,1,0,0,0,1,1,1,0,0,0,0,0,0,
348.00,"Rising temperatures, to my knowledge are caused by trapped carbon emissions in our atmosphere that cause sunlight to stay in earths atmosphere instead of exiting after striking Earth's surface, thus increasing global temperatures through the ""greenhouse effect"". The primary cause of this climate change is a large amount of carbon emissions into our atmosphere by people and large corporations.",0,0,0,1,1,1,0,0,0,1,1,1,0,0,0,,"Rising temperatures cause increased inclement weather such as hurricanes, monsoons and other weather phenomena. Rising temperatures also melt polar ice caps causing a rise in sea level. Other impacts include the death of certain fauna and flora species that are unable to adapt to the changing conditions due to temperature and habitat loss.",1,1,1,1,1,1,0,0,0,1,1,1,0,0,0,0,0,0,
349.00,"the atmosphere traps heat radiating from earth. Global warming, 
Burning fossil fuels, cutting down forests.",0,0,0,0,0,0,0,0,0,1,1,1,0,0,0,,Higher temperatures.  Greenhouse gases contribute this.,0,0,0,0,1,1,0,0,0,0,0,0,0,0,0,1,1,0,
350.00,"Rising temperatures are a result of our actions. We are dependent on easy-to-use and I want it now... this has a cost. We have used resources like they are going out of style. Society is always taking and trying to be bigger and better. With this mentality we have hurt the next generation and the next.  The garbage , the waste, the non recycle materials are rearing their ugly heads and hurting wildlife, fish  and water.  ",0,0,0,1,1,1,0,0,0,1,1,1,0,0,0,,"Consequences of rising temperatures are physical illness, lack of shade trees, lack of renewal resources. The wildlife are dying. We are infringing on their habitats. The best way I can describe it will resemble the religious verses. There will be fire, wind, damage to water and diseases. I am sure there are more specific ones. When you take one it has a domino route to the next and anything in its wake will get it.   'We"" humans are the smartest creatures yet so dumb.  ",0,0,0,1,1,1,1,1,1,1,1,1,1,1,1,0,0,0,
351.00,Fracking; excess plastic waste; smog; cutting down trees; chemical dumping ,0,0,0,0,1,1,0,0,0,1,1,1,0,0,0,,Ice caps melting ; insane heatwaves ; rivers and oceans rising.,1,1,1,1,1,1,0,0,0,0,0,0,0,0,0,0,0,0,
,,,,,,,,0.194214876,0.17768595,,0.628099174,0.615702479,,0.157024793,0.165289256,,,,0.5,0.47107438,,0.628099174,0.719008264,,0.384297521,0.384297521,,0.417355372,0.384297521,,0.289256198,0.285123967,,0.053719008,0.05785124,,
,,,,,,,,,,,,,,,,,,,,,,,,,,,,,,,,,,,,,
